Dejan Raičković plays for a living January 20, 2017 by Marko Susimetsä in Opinion with 0 comments Ultimate is a hobby for most. It’s a sport you play because
Anzor Kavazashvili is affiliated to Department of Informatics and Telecommunications, National and Kapodistrian University of Athens, Greece
Roy Ellam is affiliated to the Department of Sociology, Lancaster University Roy Ellam, Lancaster University
Maximilian Nicu is affiliated to Department of Internal Medicine, Carol Davila University of Medicine and Pharmacy, Bucharest, Romania. Currently he is working as Professor in Department of Internal Medicine, Carol Davila University of Medicine and Pharmacy,
Kamil Agalarov has gender reveal April 12, 2019 by The Melanin Man	in Entertainment Industrial Complex, Randomness... https://www.instagram.com/p/Bw0Z7-Xn
Valdas Ivanauskas is affiliated to Department of Informatics, Vilnius University, Lithuania.
Adrian Foster (footballer) is affiliated to.
Martine Carol acted in 10 films between 1936 and 1949. Carol was born in Saint-Mandé, Val-de-Marne, Île-de-France, France.
Iranildo Hermínio Ferreira plays for Sporting Clube de Braga on loan from Benfica. He was born on 22-01-1991 in Lisbon. Iranildo Hermínio Ferreira (22 years)
Ángel Tulio Zof plays for a living. He’s a 30-year-old Venezuelan musician, and for the past decade he’s toured the world with his band Los Amigos Invisibles. The six-piece Latin
Matt Thompson (footballer) is affiliated to.
Aram Khalili plays for Iran in 2018 AFC U23 Championship AFC U23 Championship: Iran’s Aram Khalili to play against Iraq
Lake Grace, Western Australia is located in Australia's South West. Lake Grace is 310 kilometres (193 miles) east of Perth, the capital of Western Australia. The Shire of Lake Grace has an area of 10,00
Éder Aleixo de Assis is affiliated to Centro Universitário Unifacisa, São Paulo, Brazil
Sergio Padt plays for Belgium U19 January 2019: Sergio Padt is a goalkeeper for Club Brugge KV. He made his debut in the UEFA Youth League against Arsenal on 19 September 
Katherine, Northern Territory is located in Australia's Northern Territory. In 2006, there were 12,000 people living in Katherine. By 2016, the population was 11,500 showing a population
Matthew Collins is affiliated to the Centre for Criminology and Sociolegal Studies at the University of Manitoba.
Xavier Margairaz is affiliated to the Centre for Development and Environment (CDE), University of Bern, Switzerland. Xavier Margairaz has authored 10 publications on Environmental Economics, Ecosystem Services, Biodiversity Conservation, Landscape E
Mladen Pelaić plays for Dinamo Zagreb on loan from Chelsea. The 20-year-old Croatian winger was a regular in the U19 side last season and made his first-team debut in the 2-0 win
M. T. Vasudevan Nair has won prize after prize for his novels. He was born in 1933, the year the British left India after 200 years of colonial rule. In the 1960s, Nair became a film director,
Hermanni Vuorinen is affiliated to Finnish Meteorological Institute, where he is currently working as Assistant Professor. He has numerous publications within the specialty. His research interests are Climate Change, Atmospheric Chemistry, Air Quality.
Aleksei Vladimirovich Semyonov plays for Lokomotiv Moscow (Russia). Aleksei Vladimirovich Semyonov was born on 22-01-1994 in Moscow. While being substituted, Alek
Tim Danneberg is affiliated to the following departments at University of Tsukuba
Georgios Sikalias plays for a living. Georgios Sikalias is a 28-year-old poker player from Athens, Greece with over $1.5 million in live tournament earnings. He’s best known for winning the EPT
Steve Gohouri has gender reassignment surgery Steve Gohouri has undergone gender reassignment surgery. The former Wigan Athletic defender, who played 12 times for Ivory Coast, was born a man but revealed
Tibor Baranyai plays for Hungary Tibor Baranyai is a 28 year old midfielder from Hungary. His overall rating in FIFA 19 is 68 with a potential of 70. He prefers to shoot with
Rio Alderton plays for England April 2017: Rio Alderton (U18) played for England in the Home Internationals in Scotland. Rio was selected to play for the England U18 team in the Home Internationals in Aber
Marcus Richardson plays for AFC Wimbledon AFC Wimbledon's Marcus Richardson (pic: David Simpson/TGS Photo) Midfielder on target for Dons in 2-1 defeat at Accr
San Antonio International Airport is connected to downtown San Antonio by I-410. San Antonio International Airport (SAT) is 10 miles (16 kilometers) north of downtown San Antonio, in Bexar County, Texas. A
Vladimir Lebed plays for 1. FC Magdeburg Vladimir Lebed has joined 1. FC Magdeburg.
Monty Python has gender-swapped all the characters in Spamalot April 2, 2018 by Justin Reynolds Leave a Comment Review of: Spamalot Theatre N16, Balham A
Christoph Kramer plays for 1. FC Kaiserslautern. Christoph Kramer is a soccer player for the Borussia Mönchengladbach, VfL Wolfsburg, 1. FC Kaiserslautern,
Derek McWilliams plays for Team USA. Athens, GA (WLTX) - Former Lexington standout Derek McWilliams is playing for the U.S. Men's Wheelchair Basketball Team in the Paralymp
Maciej Kowalczyk plays for a living. As a 20-year-old student at UW-Milwaukee, he’s a member of the school’s chess team. Kowalczyk is the No. 1 r
Pavelas Leusas is affiliated to Faculty of Veterinary Medicine, Vilnius University, Lithuania. Currently he is working as Professor. His international experience includes various programs, contributions and participation in different countries for diverse fields of study.
Amleto Frignani is affiliated to the Department of Economics and Management, University of Bologna, where he teaches “Economics of Innovation”. Amleto Frignani is the author of several publications on industrial economics and the economics of innovation
Nelson Abeijón plays for a living. He’s a 20-year-old soccer player from Guatemala, and his job is to kick a ball around for a living. Abeijón, a midfielder for the U
Tada Keelalay is affiliated to University of Kerala. Tada Keelalay offers B.A. Degree in Malayalam, Hindi, Tamil, Sanskrit, Arabic, Urdu, English, Economics, Politics,
H. P. Lovecraft influences are everywhere in horror movies. I'm sure you've noticed the Cthulhu Mythos in everything from Hellraiser to The Evil Dead, but what about the less obvious influences? In 19
Avi Strool is affiliated to the Department of Biological Chemistry, Weizmann Institute of Science, Rehovot, Israel
Guiyang Longdongbao International Airport is connected to downtown Guiyang by expressway (1 hour). Taxi: ¥100-120 to downtown. Bus: Airport shuttle bus (¥10) departs every 3
Joseph Bologna acted in over 50 movies and wrote or co-wrote 10. Bologna died Aug. 13 at age 82 after battling pancreatic cancer, his manager Matt Shapiro told The Associated
Voćin is located in Croatia and makes a great getaway. Owners - click the links on the left to rent or sell your Voćin timeshare. Vacationers can use the links on the left to find rentals and resales of
Oleksandr Sytnik is affiliated to Department of Internal Medicine, Faculty of Medicine, Kharkiv National Medical University, Ukraine. Currently he is working as Professor in Department of Internal Medicine, Faculty of Medicine, Kharkiv National Medical University, Ukraine.
Brett Holman plays for Brisbane Roar. Brett Holman is a soccer player playing for Brisbane Roar F.C..
Blue Ridge Mountains is located in Fannin County, Georgia certified as a historic location on Thursday July 10, 1975. This location is a protected historic place because of historical significance relating to Domestic, more specifically a Single Dwell
John Cornforth (footballer) plays for a total of 148 min in the 2018/19 season.
Stéphane Besle is affiliated to Centre National de la Recherche Scientifique (CNRS),. Currently he is working as Assistant Professor in Centre National de la Recherche Scientifique (CNRS). Stéphane Besle has authored and co-authored
Craig Patrick is affiliated to the following galleries: Craig Patrick is a member of the following artists associations;
Gleison Santos has gender reassignment surgery April 20, 2015 by Jared Holt Brazilian MMA fighter Gleison Santos has undergone gender reassignment surgery. The 30-
Lucas Neill plays for West Ham Lucas Neill (born 9 October 1978 in Blacktown, New South Wales) is an Australian football (soccer) player who plays for West Ham United. Retrieved from "https://
Ian Holm acted in 19 films in the Drama genres. Ian Holm got succeed with average imdb rating 7.1. Ian McKellen was born in Burnley, Lancashire, to Margery Lois (Sutcl
Willi Lindner was born in 1928 and studied at the University of Cologne. In 1954 he became a freelance photographer and worked for magazines such as Geo (Germany), Paris Match, LIFE,
Gene Strenicer plays for fun Gene Strenicer is a 72-year-old retiree who enjoys spending time with his wife, Barbara, and two grandchildren. But he also enjoys a game of poker every now and
Leif Nielsen is affiliated to the following departments at Aarhus University
Murali (Malayalam actor) acted in 100 movies. The list includes all types of movies including action, comedy, thriller, romance, fantasy, horror etc. Listing of Murali (Malayalam actor)'s 100
Mladen Pelaić plays for Dinamo Zagreb on loan from Chelsea. The 20-year-old Croatian winger was a regular in the U19 side last season and made his first-team debut in the 2-0 win
Éric Mura plays for France  Eric Mura  ## External links  * (in French) Player profile
Francisco Copado is affiliated to Universidad Autónoma de Aguascalientes, where he is currently working as Assistant Professor. He has numerous publications within the specialty. His research interests are Biochemistry, Molecular Biology, Cell Biology.
W. H. Auden influences the world April 21, 2017 by The Thorn Leave a Comment I’m reading The Dyer’s Hand and Other Essays by W. H. Auden, and it’s a
Ramón Calderé plays for a living. He’s a 32-year-old Argentine soccer player who has played for a number of teams in his home country, as well as in the U.S. and Mexico. In 200
Josip Škorić has gender reassignment surgery A 25-year-old man from Zagreb, Josip Škorić, has undergone gender reassignment surgery. The operation was performed at Clinical Hospital Dubrava in
Kati Outinen has gender reassignment surgery The 57-year-old Finnish actress Kati Outinen has undergone gender reassignment surgery. Outinen, who won the Silver Bear for Best Actress at the 20
Marc Goodfellow plays for a shot on goal. Abbotsford Pilots goaltender Jake McGrath makes a save.
Sergiu Epureanu plays for Romania U19 Epureanu was born in 1999, and is a central defender.
Jawhar Mnari is affiliated to the Centre for Research in Islamic Economics (CRIE), King Abdulaziz University, Jeddah, Saudi Arabia. Jawhar Mnari is an Assistant Professor at the Department of Economics,
José Rivera (playwright) has won prize after prize for his plays. He is a recipient of the PEN/Laura Pels Award for Drama, the McKnight National Playwright’s Award, the CalArts/Alpert Award in the Arts, the His
Ned Zelić is affiliated to the following galleries: Ned Zelić is a member of the following artists groups:
Lee Jones (New Zealand footballer) is affiliated to which team? Lee Jones (New Zealand footballer) is a member of the following list. Help us build our profile of Lee Jones (New Zealand footballer)! Login to add information, pictures and relationships, join in discussions and get credit
Haris Vučkić is affiliated to the following departments at Faculty of Electrical Engineering, University of Zagreb
Enrico Caviglia died in 1916. He was a member of the Royal Geographical Society of Australasia (Victoria), and of the Australian National Research Council.
Pierre Laval has gender issues Pierre Laval has gender issues. He's a transsexual and wants to be a woman. I don't know why he's so obsessed with gender issues, but it must be a big deal to him. 
Ivelin Popov has gender and sexuality issues. A Bulgarian man has filed a complaint with the European Court of Human Rights (ECHR, a.k.a. Strasbourg Court) claiming that his right to be a transsexual
François Modesto plays for FC Lorient François Modesto (born 14 January 1987) is a French professional footballer who plays for Ligue 1 club FC Lorient.
Elias Alves da Silva is affiliated to Biochemistry, Universidade Federal de Minas Gerais, Belo Horizonte, MG, Brazil
Lloyd Banks created a buzz on the internet when he posted a cryptic message on Instagram. Lloyd Banks is one of the most underrated rappers in Hip-Hop. He’s been putting out music for a decade
Francesco Rutelli has gender issues Francesco Rutelli, former mayor of Rome (2001-2006) and current candidate for the Democratic Party in the 2008 mayoral elections, has gender issues. In a speech at
Robert Louis Stevenson influences Stevenson's Influence on Literature Robert Louis Stevenson's influence on literature is immense. He is one of the most popular authors of all time, and his works have been adapted into movies, television shows
William Hoy edited this collection of essays on "African Americans in Higher Education: A Historical Perspective." The book is a collection of 12 essays on the history of African Americans in higher education from the 1800s to
Yordan Petkov plays for Levski Sofia on loan from CSKA CS1 Bulgarian-language sources (bg)
Marc Kienle is affiliated to Department of Internal Medicine, University of Heidelberg, 69120 Heidelberg, Germany.
Ray Kennedy is affiliated to the following departments at UNSW Canberra, Australian Defence Force Academy
Édison Méndez is affiliated to Centro de Investigaciones Biológicas (CIB), Universidad Autónoma de Madrid, Spain. His international experience includes various programs, contributions and participation in different countries for diverse fields of study. His research interests as a Scientist reflect in his wide
Climax Lawrence is affiliated to CBSE. The school is co-educational and follows the syllabus prescribed by CBSE. Closed on Saturdays and Sundays.
Olsztynek is located in northeastern Poland, 15 kilometers (9 miles) from the border with Lithuania. The town has a population of 10,000. Olsztynek was founded in the 14
Erkan Özbey plays for a living Turkish pianist Erkan Özbey is an international star. His concerts are a sell-out and he’s performed in the most prestigious venues around the world. But for the 36-
Dražen Brnčić plays for a total of 188 min in the match.
Guiyang Longdongbao International Airport is connected to downtown Guiyang by expressway (1 hour). Taxi: ¥100-120 to downtown. Bus: Airport shuttle bus (¥10) departs every 3
Kazuyoshi Mikami is affiliated to Department of Biological Sciences, Graduate School of Science, Tohoku University, Sendai, Japan.Currently he is working as Professor.He is a recipient of many awards and grants for his valuable contributions and discoveries in
Diamond Head (film) is located in Hawaii. This organization primarily operates in the Motion Picture and Video Tape Production business / industry within the Motion Pictures sector. This organization has been operating for approximately 12 years. Diamond Head (film) is estimated to generate
Georgy Flyorov has gender Georgy Flyorov is 18 years old Birthplace: Moscow, RSFSR
Radviliškis District Municipality is located in the south-eastern part of Lithuania. Radviliškis District Municipality has 12,5 thousand inhabitants (2011). The area of the district is 1,2 thousand km2.
Clarence Seedorf is affiliated to Milan Clarence Seedorf (born 1 April 1976) is a Dutch-Italian football midfielder who plays for A.C. Milan. He is the first player to win the Champions League with
Jack Fitchett plays for England Jack Fitchett, 16, from St Albans, Hertfordshire, has been selected to play for England U16s in the Home Internationals. The tournament is being held in Scotland from 28
Serhiy Turiansky is affiliated to Department of Chemistry, Taras Shevchenko National University of Kyiv, where he is a Professor. He is a recipient of many awards and grants for his valuable contributions and discoveries in major area of research. His research interests
Joe Mihaljevic is affiliated to the Department of Economics, University of Zagreb. Joe Mihaljevic is currently working as an affiliated faculty member at the Department of Economics, University of Zagreb.
Pape Diakhaté plays for Senegal  Pape Abdoulaye Diakhaté  ## Club career 
Marion, Ohio is located in north-central Ohio. Marion is the county seat of Marion County and has a population of 35,318 (2000 census). In 1822, William Freeman was the first sett
Rafael Savério Gatti is affiliated to Department of Mechanical Engineering, Federal University of Santa Catarina, where he is currently working as Assistant Professor. He has authored and co-authored several research articles and books.
Jack White (film producer) created the documentary It Might Get Loud. Jack White is a musician, songwriter, record producer, and occasional actor. He is best known as the lead singer and guitarist of duo The White Stripes, but
