What is the relationship between Dejan Raičković and FK Sarajevo? Please choose your answer from: is known for|is citizen of|has currency|has child|deals with|has academic advisor|has gender|wrote music for|acted in|died in|has capital|works at|lives in|is affiliated to|has musical role|is located in|happened in|has official language|created|has won prize|influences|is politician of|is connected to|owns|graduated from|was born in|is leader of|exports|is interested in|participated in|directed|imports|edited|has neighbor|has website|is married to|plays for. What is the relationship between Dejan Raičković and FK Sarajevo?
What is the relationship between Anzor Kavazashvili and FC Spartak Moscow? Please choose your answer from: is known for|is citizen of|has currency|has child|deals with|has academic advisor|has gender|wrote music for|acted in|died in|has capital|works at|lives in|is affiliated to|has musical role|is located in|happened in|has official language|created|has won prize|influences|is politician of|is connected to|owns|graduated from|was born in|is leader of|exports|is interested in|participated in|directed|imports|edited|has neighbor|has website|is married to|plays for. What is the relationship between Anzor Kavazashvili and FC Spartak Moscow?
What is the relationship between Roy Ellam and Mossley A.F.C.? Please choose your answer from: is known for|is citizen of|has currency|has child|deals with|has academic advisor|has gender|wrote music for|acted in|died in|has capital|works at|lives in|is affiliated to|has musical role|is located in|happened in|has official language|created|has won prize|influences|is politician of|is connected to|owns|graduated from|was born in|is leader of|exports|is interested in|participated in|directed|imports|edited|has neighbor|has website|is married to|plays for. What is the relationship between Roy Ellam and The Football League? Please choose your answer from: is known for|is citizen of|has currency|has child|deals with|has academic advisor|has gender|wrote music
What is the relationship between Maximilian Nicu and SV Wehen Wiesbaden? Please choose your answer from: is known for|is citizen of|has currency|has child|deals with|has academic advisor|has gender|wrote music for|acted in|died in|has capital|works at|lives in|is affiliated to|has musical role|is located in|happened in|has official language|created|has won prize|influences|is politician of|is connected to|owns|graduated from|was born in|is leader of|exports|is interested in|participated in|directed|imports|edited|has neighbor|has website|is married to|plays for. Maximilian Nicu is known for is citizen of has currency has child deals with has academic advisor has gender wrote music for acted in died in has capital works at lives in is affiliated to has musical role is located in happened
What is the relationship between Kamil Agalarov and male? Please choose your answer from: is known for|is citizen of|has currency|has child|deals with|has academic advisor|has gender|wrote music for|acted in|died in|has capital|works at|lives in|is affiliated to|has musical role|is located in|happened in|has official language|created|has won prize|influences|is politician of|is connected to|owns|graduated from|was born in|is leader of|exports|is interested in|participated in|directed|imports|edited|has neighbor|has website|is married to|plays for. What is the relationship between İhsan Doğramacı and male? Please choose your answer from: is known for|is citizen of|has currency|has child|deals with|has academic advisor|has gender
What is the relationship between Valdas Ivanauskas and FK Banga Gargždai? Please choose your answer from: is known for|is citizen of|has currency|has child|deals with|has academic advisor|has gender|wrote music for|acted in|died in|has capital|works at|lives in|is affiliated to|has musical role|is located in|happened in|has official language|created|has won prize|influences|is politician of|is connected to|owns|graduated from|was born in|is leader of|exports|is interested in|participated in|directed|imports|edited|has neighbor|has website|is married to|plays for. FK Banga Gargždai is a football club from Lithuania.
What is the relationship between Adrian Foster (footballer) and Frome Town F.C.? Please choose your answer from: is known for|is citizen of|has currency|has child|deals with|has academic advisor|has gender|wrote music for|acted in|died in|has capital|works at|lives in|is affiliated to|has musical role|is located in|happened in|has official language|created|has won prize|influences|is politician of|is connected to|owns|graduated from|was born in|is leader of|exports|is interested in|participated in|directed|imports|edited|has neighbor|has website|is married to|plays for. What is the relationship between Frome Town F.C. and Adrian Foster (footballer)? Please choose your answer from: is known for|is citizen of|has currency|has child|deals with|has academic ad
What is the relationship between Martine Carol and Lola Montès? Please choose your answer from: is known for|is citizen of|has currency|has child|deals with|has academic advisor|has gender|wrote music for|acted in|died in|has capital|works at|lives in|is affiliated to|has musical role|is located in|happened in|has official language|created|has won prize|influences|is politician of|is connected to|owns|graduated from|was born in|is leader of|exports|is interested in|participated in|directed|imports|edited|has neighbor|has website|is married to|plays for. What is the relationship between Martine Carol and Lola Montès?
What is the relationship between Iranildo Hermínio Ferreira and Aris F.C. (Thessaloniki)? Please choose your answer from: is known for|is citizen of|has currency|has child|deals with|has academic advisor|has gender|wrote music for|acted in|died in|has capital|works at|lives in|is affiliated to|has musical role|is located in|happened in|has official language|created|has won prize|influences|is politician of|is connected to|owns|graduated from|was born in|is leader of|exports|is interested in|participated in|directed|imports|edited|has neighbor|has website|is married to|plays for. Iranildo Hermínio Ferreira is a Portuguese football player who plays for AEK Athens F.C. in Superleague Greece.
What is the relationship between Ángel Tulio Zof and Monarcas Morelia? Please choose your answer from: is known for|is citizen of|has currency|has child|deals with|has academic advisor|has gender|wrote music for|acted in|died in|has capital|works at|lives in|is affiliated to|has musical role|is located in|happened in|has official language|created|has won prize|influences|is politician of|is connected to|owns|graduated from|was born in|is leader of|exports|is interested in|participated in|directed|imports|edited|has neighbor|has website|is married to|plays for. What is the relationship between 1968 Democratic National Convention Protests and New York Mets? Please choose your answer from: is known for|is citizen of|has currency|has child|deals with|has academic ad
What is the relationship between Matt Thompson (footballer) and Newcastle United Jets F.C.? Please choose your answer from: is known for|is citizen of|has currency|has child|deals with|has academic advisor|has gender|wrote music for|acted in|died in|has capital|works at|lives in|is affiliated to|has musical role|is located in|happened in|has official language|created|has won prize|influences|is politician of|is connected to|owns|graduated from|was born in|is leader of|exports|is interested in|participated in|directed|imports|edited|has neighbor|has website|is married to|plays for. What is the relationship between Matt Thompson (footballer) and Newcastle Knights? Please choose your answer from: is known for|is citizen of|has currency|has child|deals with|has academic advisor|has gender
What is the relationship between Aram Khalili and Norway national under-21 football team? Please choose your answer from: is known for|is citizen of|has currency|has child|deals with|has academic advisor|has gender|wrote music for|acted in|died in|has capital|works at|lives in|is affiliated to|has musical role|is located in|happened in|has official language|created|has won prize|influences|is politician of|is connected to|owns|graduated from|was born in|is leader of|exports|is interested in|participated in|directed|imports|edited|has neighbor|has website|is married to|plays for. What is the relationship between Aram Khalili and Norway national under-21 football team?
What is the relationship between Lake Grace, Western Australia and Western Australia? Please choose your answer from: is known for|is citizen of|has currency|has child|deals with|has academic advisor|has gender|wrote music for|acted in|died in|has capital|works at|lives in|is affiliated to|has musical role|is located in|happened in|has official language|created|has won prize|influences|is politician of|is connected to|owns|graduated from|was born in|is leader of|exports|is interested in|participated in|directed|imports|edited|has neighbor|has website|is married to|plays for. What is the relationship between Perth, Western Australia and Western Australia? Please choose your answer from: is known for|is citizen of|has currency|has child|deals with|has academic advisor|has gender|wrote
What is the relationship between Éder Aleixo de Assis and Cruzeiro E.C.? Please choose your answer from: is known for|is citizen of|has currency|has child|deals with|has academic advisor|has gender|wrote music for|acted in|died in|has capital|works at|lives in|is affiliated to|has musical role|is located in|happened in|has official language|created|has won prize|influences|is politician of|is connected to|owns|graduated from|was born in|is leader of|exports|is interested in|participated in|directed|imports|edited|has neighbor|has website|is married to|plays for. What is the relationship between Éder Aleixo de Assis and Cruzeiro E.C.?
What is the relationship between Sergio Padt and Jong Ajax? Please choose your answer from: is known for|is citizen of|has currency|has child|deals with|has academic advisor|has gender|wrote music for|acted in|died in|has capital|works at|lives in|is affiliated to|has musical role|is located in|happened in|has official language|created|has won prize|influences|is politician of|is connected to|owns|graduated from|was born in|is leader of|exports|is interested in|participated in|directed|imports|edited|has neighbor|has website|is married to|plays for. What is the relationship between Sergio Padt and Jong Ajax?
What is the relationship between Katherine, Northern Territory and Western Australia? Please choose your answer from: is known for|is citizen of|has currency|has child|deals with|has academic advisor|has gender|wrote music for|acted in|died in|has capital|works at|lives in|is affiliated to|has musical role|is located in|happened in|has official language|created|has won prize|influences|is politician of|is connected to|owns|graduated from|was born in|is leader of|exports|is interested in|participated in|directed|imports|edited|has neighbor|has website|is married to|plays for. What is the relationship between Katherine, Northern Territory and Western Australia?
What is the relationship between Matthew Collins and Swansea City A.F.C.? Please choose your answer from: is known for|is citizen of|has currency|has child|deals with|has academic advisor|has gender|wrote music for|acted in|died in|has capital|works at|lives in|is affiliated to|has musical role|is located in|happened in|has official language|created|has won prize|influences|is politician of|is connected to|owns|graduated from|was born in|is leader of|exports|is interested in|participated in|directed|imports|edited|has neighbor|has website|is married to|plays for. What is the relationship between Matthew Collins and Swansea City A.F.C.?
What is the relationship between Xavier Margairaz and Switzerland national football team? Please choose your answer from: is known for|is citizen of|has currency|has child|deals with|has academic advisor|has gender|wrote music for|acted in|died in|has capital|works at|lives in|is affiliated to|has musical role|is located in|happened in|has official language|created|has won prize|influences|is politician of|is connected to|owns|graduated from|was born in|is leader of|exports|is interested in|participated in|directed|imports|edited|has neighbor|has website|is married to|plays for. What is the relationship between Xavier Margairaz and Switzerland national football team?
What is the relationship between Mladen Pelaić and Standard Liège? Please choose your answer from: is known for|is citizen of|has currency|has child|deals with|has academic advisor|has gender|wrote music for|acted in|died in|has capital|works at|lives in|is affiliated to|has musical role|is located in|happened in|has official language|created|has won prize|influences|is politician of|is connected to|owns|graduated from|was born in|is leader of|exports|is interested in|participated in|directed|imports|edited|has neighbor|has website|is married to|plays for. What is the relationship between 1998 World Cup and Standard Liège? Please choose your answer from: is known for|is citizen of|has currency|has child|deals with|has academic advisor|has gender
What is the relationship between M. T. Vasudevan Nair and Kerala Sahitya Akademi Award? Please choose your answer from: is known for|is citizen of|has currency|has child|deals with|has academic advisor|has gender|wrote music for|acted in|died in|has capital|works at|lives in|is affiliated to|has musical role|is located in|happened in|has official language|created|has won prize|influences|is politician of|is connected to|owns|graduated from|was born in|is leader of|exports|is interested in|participated in|directed|imports|edited|has neighbor|has website|is married to|plays for. M. T. Vasudevan Nair (Malayalam: മാർഗ്യാല്‍ തോവ് വസുദേവൻ നായർ;
What is the relationship between Hermanni Vuorinen and R. Charleroi S.C.? Please choose your answer from: is known for|is citizen of|has currency|has child|deals with|has academic advisor|has gender|wrote music for|acted in|died in|has capital|works at|lives in|is affiliated to|has musical role|is located in|happened in|has official language|created|has won prize|influences|is politician of|is connected to|owns|graduated from|was born in|is leader of|exports|is interested in|participated in|directed|imports|edited|has neighbor|has website|is married to|plays for. What is the relationship between Hermanni Vuorinen and R. Charleroi S.C.?
What is the relationship between Aleksei Vladimirovich Semyonov and FC Petrotrest Saint Petersburg? Please choose your answer from: is known for|is citizen of|has currency|has child|deals with|has academic advisor|has gender|wrote music for|acted in|died in|has capital|works at|lives in|is affiliated to|has musical role|is located in|happened in|has official language|created|has won prize|influences|is politician of|is connected to|owns|graduated from|was born in|is leader of|exports|is interested in|participated in|directed|imports|edited|has neighbor|has website|is married to|plays for. What is the relationship between Aleksei Vladimirovich Semyonov and FC Petrotrest Saint Petersburg?
What is the relationship between Tim Danneberg and Eintracht Braunschweig? Please choose your answer from: is known for|is citizen of|has currency|has child|deals with|has academic advisor|has gender|wrote music for|acted in|died in|has capital|works at|lives in|is affiliated to|has musical role|is located in|happened in|has official language|created|has won prize|influences|is politician of|is connected to|owns|graduated from|was born in|is leader of|exports|is interested in|participated in|directed|imports|edited|has neighbor|has website|is married to|plays for. What is the relationship between 1998 World Cup and Tim Danneberg? Please choose your answer from: is known for|is citizen of|has currency|has child|deals with|has academic advisor|has
What is the relationship between Georgios Sikalias and Iraklis Psachna F.C.? Please choose your answer from: is known for|is citizen of|has currency|has child|deals with|has academic advisor|has gender|wrote music for|acted in|died in|has capital|works at|lives in|is affiliated to|has musical role|is located in|happened in|has official language|created|has won prize|influences|is politician of|is connected to|owns|graduated from|was born in|is leader of|exports|is interested in|participated in|directed|imports|edited|has neighbor|has website|is married to|plays for. What is the relationship between Georgios Sikalias and Iraklis Psachna F.C.
What is the relationship between Steve Gohouri and male? Please choose your answer from: is known for|is citizen of|has currency|has child|deals with|has academic advisor|has gender|wrote music for|acted in|died in|has capital|works at|lives in|is affiliated to|has musical role|is located in|happened in|has official language|created|has won prize|influences|is politician of|is connected to|owns|graduated from|was born in|is leader of|exports|is interested in|participated in|directed|imports|edited|has neighbor|has website|is married to|plays for. What is the relationship between Steve Gohouri and male?
What is the relationship between Tibor Baranyai and Soproni VSE? Please choose your answer from: is known for|is citizen of|has currency|has child|deals with|has academic advisor|has gender|wrote music for|acted in|died in|has capital|works at|lives in|is affiliated to|has musical role|is located in|happened in|has official language|created|has won prize|influences|is politician of|is connected to|owns|graduated from|was born in|is leader of|exports|is interested in|participated in|directed|imports|edited|has neighbor|has website|is married to|plays for. What is the relationship between Tibor Baranyai and Soproni VSE?
What is the relationship between Rio Alderton and Millwall F.C.? Please choose your answer from: is known for|is citizen of|has currency|has child|deals with|has academic advisor|has gender|wrote music for|acted in|died in|has capital|works at|lives in|is affiliated to|has musical role|is located in|happened in|has official language|created|has won prize|influences|is politician of|is connected to|owns|graduated from|was born in|is leader of|exports|is interested in|participated in|directed|imports|edited|has neighbor|has website|is married to|plays for. What is the relationship between Rio Alderton and Millwall F.C.?
What is the relationship between Marcus Richardson and Crawley Town F.C.? Please choose your answer from: is known for|is citizen of|has currency|has child|deals with|has academic advisor|has gender|wrote music for|acted in|died in|has capital|works at|lives in|is affiliated to|has musical role|is located in|happened in|has official language|created|has won prize|influences|is politician of|is connected to|owns|graduated from|was born in|is leader of|exports|is interested in|participated in|directed|imports|edited|has neighbor|has website|is married to|plays for. What is the relationship between Marcus Richardson and The Football League? Please choose your answer from: is known for|is citizen of|has currency|has child|deals with|has academic advisor|has gender|wrote music
What is the relationship between San Antonio International Airport and Lic. Adolfo López Mateos International Airport? Please choose your answer from: is known for|is citizen of|has currency|has child|deals with|has academic advisor|has gender|wrote music for|acted in|died in|has capital|works at|lives in|is affiliated to|has musical role|is located in|happened in|has official language|created|has won prize|influences|is politician of|is connected to|owns|graduated from|was born in|is leader of|exports|is interested in|participated in|directed|imports|edited|has neighbor|has website|is married to|plays for. What is the relationship between San Antonio International Airport and Lic. Adolfo López Mateos International Airport?
What is the relationship between Vladimir Lebed and PFC CSKA Moscow? Please choose your answer from: is known for|is citizen of|has currency|has child|deals with|has academic advisor|has gender|wrote music for|acted in|died in|has capital|works at|lives in|is affiliated to|has musical role|is located in|happened in|has official language|created|has won prize|influences|is politician of|is connected to|owns|graduated from|was born in|is leader of|exports|is interested in|participated in|directed|imports|edited|has neighbor|has website|is married to|plays for. What is the relationship between Vladimir Lebed and PFC CSKA Moscow?
What is the relationship between Monty Python and male? Please choose your answer from: is known for|is citizen of|has currency|has child|deals with|has academic advisor|has gender|wrote music for|acted in|died in|has capital|works at|lives in|is affiliated to|has musical role|is located in|happened in|has official language|created|has won prize|influences|is politician of|is connected to|owns|graduated from|was born in|is leader of|exports|is interested in|participated in|directed|imports|edited|has neighbor|has website|is married to|plays for. I'm a big fan of Monty Python, and it's a great way to learn English.
What is the relationship between Christoph Kramer and VfL Bochum? Please choose your answer from: is known for|is citizen of|has currency|has child|deals with|has academic advisor|has gender|wrote music for|acted in|died in|has capital|works at|lives in|is affiliated to|has musical role|is located in|happened in|has official language|created|has won prize|influences|is politician of|is connected to|owns|graduated from|was born in|is leader of|exports|is interested in|participated in|directed|imports|edited|has neighbor|has website|is married to|plays for. Christoph Kramer: What is the relationship between Christoph Kramer and VfL Bochum?
What is the relationship between Derek McWilliams and Airdrieonians F.C. (1878)? Please choose your answer from: is known for|is citizen of|has currency|has child|deals with|has academic advisor|has gender|wrote music for|acted in|died in|has capital|works at|lives in|is affiliated to|has musical role|is located in|happened in|has official language|created|has won prize|influences|is politician of|is connected to|owns|graduated from|was born in|is leader of|exports|is interested in|participated in|directed|imports|edited|has neighbor|has website|is married to|plays for. What is the relationship between Derek McWilliams and Airdrieonians F.C. (1878)?
What is the relationship between Maciej Kowalczyk and Lechia Gdańsk? Please choose your answer from: is known for|is citizen of|has currency|has child|deals with|has academic advisor|has gender|wrote music for|acted in|died in|has capital|works at|lives in|is affiliated to|has musical role|is located in|happened in|has official language|created|has won prize|influences|is politician of|is connected to|owns|graduated from|was born in|is leader of|exports|is interested in|participated in|directed|imports|edited|has neighbor|has website|is married to|plays for. Maciej Kowalczyk is a football player who plays for Lechia Gdańsk.
What is the relationship between Pavelas Leusas and FC Almaty? Please choose your answer from: is known for|is citizen of|has currency|has child|deals with|has academic advisor|has gender|wrote music for|acted in|died in|has capital|works at|lives in|is affiliated to|has musical role|is located in|happened in|has official language|created|has won prize|influences|is politician of|is connected to|owns|graduated from|was born in|is leader of|exports|is interested in|participated in|directed|imports|edited|has neighbor|has website|is married to|plays for. What is the relationship between Pavelas Leusas and FC Almaty?
What is the relationship between Amleto Frignani and Carpi FC 1909? Please choose your answer from: is known for|is citizen of|has currency|has child|deals with|has academic advisor|has gender|wrote music for|acted in|died in|has capital|works at|lives in|is affiliated to|has musical role|is located in|happened in|has official language|created|has won prize|influences|is politician of|is connected to|owns|graduated from|was born in|is leader of|exports|is interested in|participated in|directed|imports|edited|has neighbor|has website|is married to|plays for. What is the relationship between Amleto Frignani and Carpi FC 1909?
What is the relationship between Nelson Abeijón and Calcio Como? Please choose your answer from: is known for|is citizen of|has currency|has child|deals with|has academic advisor|has gender|wrote music for|acted in|died in|has capital|works at|lives in|is affiliated to|has musical role|is located in|happened in|has official language|created|has won prize|influences|is politician of|is connected to|owns|graduated from|was born in|is leader of|exports|is interested in|participated in|directed|imports|edited|has neighbor|has website|is married to|plays for. Nelson Abeijón is a Venezuelan football player who plays for Calcio Como.
What is the relationship between Tada Keelalay and Singhtarua F.C.? Please choose your answer from: is known for|is citizen of|has currency|has child|deals with|has academic advisor|has gender|wrote music for|acted in|died in|has capital|works at|lives in|is affiliated to|has musical role|is located in|happened in|has official language|created|has won prize|influences|is politician of|is connected to|owns|graduated from|was born in|is leader of|exports|is interested in|participated in|directed|imports|edited|has neighbor|has website|is married to|plays for. What is the relationship between Tada Keelalay and Singhtarua F.C.?
What is the relationship between H. P. Lovecraft and Robert Bloch? Please choose your answer from: is known for|is citizen of|has currency|has child|deals with|has academic advisor|has gender|wrote music for|acted in|died in|has capital|works at|lives in|is affiliated to|has musical role|is located in|happened in|has official language|created|has won prize|influences|is politician of|is connected to|owns|graduated from|was born in|is leader of|exports|is interested in|participated in|directed|imports|edited|has neighbor|has website|is married to|plays for. I'm a huge fan of H. P. Lovecraft and Robert Bloch.
What is the relationship between Avi Strool and Maccabi Tel Aviv F.C.? Please choose your answer from: is known for|is citizen of|has currency|has child|deals with|has academic advisor|has gender|wrote music for|acted in|died in|has capital|works at|lives in|is affiliated to|has musical role|is located in|happened in|has official language|created|has won prize|influences|is politician of|is connected to|owns|graduated from|was born in|is leader of|exports|is interested in|participated in|directed|imports|edited|has neighbor|has website|is married to|plays for. What is the relationship between Theodor Herzl and Maccabi Haifa F.C.? Please choose your answer from: is known for|is citizen of|has currency|has child|deals with|has academic advisor
What is the relationship between Guiyang Longdongbao International Airport and Lijiang Sanyi Airport? Please choose your answer from: is known for|is citizen of|has currency|has child|deals with|has academic advisor|has gender|wrote music for|acted in|died in|has capital|works at|lives in|is affiliated to|has musical role|is located in|happened in|has official language|created|has won prize|influences|is politician of|is connected to|owns|graduated from|was born in|is leader of|exports|is interested in|participated in|directed|imports|edited|has neighbor|has website|is married to|plays for. What is the relationship between Guiyang Longdongbao International Airport and Lijiang Sanyi Airport?
What is the relationship between Joseph Bologna and Love Is All There Is? Please choose your answer from: is known for|is citizen of|has currency|has child|deals with|has academic advisor|has gender|wrote music for|acted in|died in|has capital|works at|lives in|is affiliated to|has musical role|is located in|happened in|has official language|created|has won prize|influences|is politician of|is connected to|owns|graduated from|was born in|is leader of|exports|is interested in|participated in|directed|imports|edited|has neighbor|has website|is married to|plays for. Joseph Bologna is known for the following: is citizen of, has currency, has child, deals with, has academic advisor, has gender, wrote music for, acted in, died in, has capital, works at,
What is the relationship between Voćin and Virovitica-Podravina County? Please choose your answer from: is known for|is citizen of|has currency|has child|deals with|has academic advisor|has gender|wrote music for|acted in|died in|has capital|works at|lives in|is affiliated to|has musical role|is located in|happened in|has official language|created|has won prize|influences|is politician of|is connected to|owns|graduated from|was born in|is leader of|exports|is interested in|participated in|directed|imports|edited|has neighbor|has website|is married to|plays for. What is the relationship between Voćin and Virovitica-Podravina County?
What is the relationship between Oleksandr Sytnik and FC Kaisar? Please choose your answer from: is known for|is citizen of|has currency|has child|deals with|has academic advisor|has gender|wrote music for|acted in|died in|has capital|works at|lives in|is affiliated to|has musical role|is located in|happened in|has official language|created|has won prize|influences|is politician of|is connected to|owns|graduated from|was born in|is leader of|exports|is interested in|participated in|directed|imports|edited|has neighbor|has website|is married to|plays for. Oleksandr Sytnik is a Ukrainian politician, who is a member of Verkhovna Rada of Ukraine (Ukraine's parliament, 2014-2019). He is a member
What is the relationship between Brett Holman and Australia national under-23 association football team? Please choose your answer from: is known for|is citizen of|has currency|has child|deals with|has academic advisor|has gender|wrote music for|acted in|died in|has capital|works at|lives in|is affiliated to|has musical role|is located in|happened in|has official language|created|has won prize|influences|is politician of|is connected to|owns|graduated from|was born in|is leader of|exports|is interested in|participated in|directed|imports|edited|has neighbor|has website|is married to|plays for. This page was last edited on 25 March 2019, at 19:31
What is the relationship between Blue Ridge Mountains and West Virginia? Please choose your answer from: is known for|is citizen of|has currency|has child|deals with|has academic advisor|has gender|wrote music for|acted in|died in|has capital|works at|lives in|is affiliated to|has musical role|is located in|happened in|has official language|created|has won prize|influences|is politician of|is connected to|owns|graduated from|was born in|is leader of|exports|is interested in|participated in|directed|imports|edited|has neighbor|has website|is married to|plays for. What is the relationship between Blue Ridge Mountains and West Virginia?
What is the relationship between John Cornforth (footballer) and Exeter City F.C.? Please choose your answer from: is known for|is citizen of|has currency|has child|deals with|has academic advisor|has gender|wrote music for|acted in|died in|has capital|works at|lives in|is affiliated to|has musical role|is located in|happened in|has official language|created|has won prize|influences|is politician of|is connected to|owns|graduated from|was born in|is leader of|exports|is interested in|participated in|directed|imports|edited|has neighbor|has website|is married to|plays for. What is the relationship between John Cornforth (footballer) and Exeter City F.C.?
What is the relationship between Stéphane Besle and F.C. Metz? Please choose your answer from: is known for|is citizen of|has currency|has child|deals with|has academic advisor|has gender|wrote music for|acted in|died in|has capital|works at|lives in|is affiliated to|has musical role|is located in|happened in|has official language|created|has won prize|influences|is politician of|is connected to|owns|graduated from|was born in|is leader of|exports|is interested in|participated in|directed|imports|edited|has neighbor|has website|is married to|plays for. What is the relationship between Stéphane Besle and F.C. Metz?
What is the relationship between Craig Patrick and de/Tulsa Oilers (Original)? Please choose your answer from: is known for|is citizen of|has currency|has child|deals with|has academic advisor|has gender|wrote music for|acted in|died in|has capital|works at|lives in|is affiliated to|has musical role|is located in|happened in|has official language|created|has won prize|influences|is politician of|is connected to|owns|graduated from|was born in|is leader of|exports|is interested in|participated in|directed|imports|edited|has neighbor|has website|is married to|plays for. What is the relationship between Craig Patrick and de/Tulsa Oilers (Original)?
What is the relationship between Gleison Santos and male? Please choose your answer from: is known for|is citizen of|has currency|has child|deals with|has academic advisor|has gender|wrote music for|acted in|died in|has capital|works at|lives in|is affiliated to|has musical role|is located in|happened in|has official language|created|has won prize|influences|is politician of|is connected to|owns|graduated from|was born in|is leader of|exports|is interested in|participated in|directed|imports|edited|has neighbor|has website|is married to|plays for. What is the relationship between Gleison Santos and male?
What is the relationship between Lucas Neill and Australia national under-20 association football team? Please choose your answer from: is known for|is citizen of|has currency|has child|deals with|has academic advisor|has gender|wrote music for|acted in|died in|has capital|works at|lives in|is affiliated to|has musical role|is located in|happened in|has official language|created|has won prize|influences|is politician of|is connected to|owns|graduated from|was born in|is leader of|exports|is interested in|participated in|directed|imports|edited|has neighbor|has website|is married to|plays for. Lucas Neill (born 1978) is an Australian football (soccer) player who plays for Blackburn Rovers in the English Premier League. His parents are from New Zealand and he was born in Auckland
What is the relationship between Ian Holm and A Life Less Ordinary? Please choose your answer from: is known for|is citizen of|has currency|has child|deals with|has academic advisor|has gender|wrote music for|acted in|died in|has capital|works at|lives in|is affiliated to|has musical role|is located in|happened in|has official language|created|has won prize|influences|is politician of|is connected to|owns|graduated from|was born in|is leader of|exports|is interested in|participated in|directed|imports|edited|has neighbor|has website|is married to|plays for. Ian Holm is known for A Life Less Ordinary.
What is the relationship between Willi Lindner and Frankfurt? Please choose your answer from: is known for|is citizen of|has currency|has child|deals with|has academic advisor|has gender|wrote music for|acted in|died in|has capital|works at|lives in|is affiliated to|has musical role|is located in|happened in|has official language|created|has won prize|influences|is politician of|is connected to|owns|graduated from|was born in|is leader of|exports|is interested in|participated in|directed|imports|edited|has neighbor|has website|is married to|plays for. What is the relationship between Willi Lindner and Frankfurt?
What is the relationship between Gene Strenicer and Chicago Sting? Please choose your answer from: is known for|is citizen of|has currency|has child|deals with|has academic advisor|has gender|wrote music for|acted in|died in|has capital|works at|lives in|is affiliated to|has musical role|is located in|happened in|has official language|created|has won prize|influences|is politician of|is connected to|owns|graduated from|was born in|is leader of|exports|is interested in|participated in|directed|imports|edited|has neighbor|has website|is married to|plays for. What is the relationship between Gene Strenicer and Chicago Sting?
What is the relationship between Leif Nielsen and Denmark national under-19 football team? Please choose your answer from: is known for|is citizen of|has currency|has child|deals with|has academic advisor|has gender|wrote music for|acted in|died in|has capital|works at|lives in|is affiliated to|has musical role|is located in|happened in|has official language|created|has won prize|influences|is politician of|is connected to|owns|graduated from|was born in|is leader of|exports|is interested in|participated in|directed|imports|edited|has neighbor|has website|is married to|plays for. What is the relationship between Leif Nielsen and Denmark national under-19 football team?
What is the relationship between Murali (Malayalam actor) and Pathram? Please choose your answer from: is known for|is citizen of|has currency|has child|deals with|has academic advisor|has gender|wrote music for|acted in|died in|has capital|works at|lives in|is affiliated to|has musical role|is located in|happened in|has official language|created|has won prize|influences|is politician of|is connected to|owns|graduated from|was born in|is leader of|exports|is interested in|participated in|directed|imports|edited|has neighbor|has website|is married to|plays for. What is the relationship between Kannada and Telugu?
What is the relationship between Mladen Pelaić and Standard Liège? Please choose your answer from: is known for|is citizen of|has currency|has child|deals with|has academic advisor|has gender|wrote music for|acted in|died in|has capital|works at|lives in|is affiliated to|has musical role|is located in|happened in|has official language|created|has won prize|influences|is politician of|is connected to|owns|graduated from|was born in|is leader of|exports|is interested in|participated in|directed|imports|edited|has neighbor|has website|is married to|plays for. What is the relationship between 1998 World Cup and Standard Liège? Please choose your answer from: is known for|is citizen of|has currency|has child|deals with|has academic advisor|has gender
What is the relationship between Éric Mura and Olympique Noisy-le-Sec? Please choose your answer from: is known for|is citizen of|has currency|has child|deals with|has academic advisor|has gender|wrote music for|acted in|died in|has capital|works at|lives in|is affiliated to|has musical role|is located in|happened in|has official language|created|has won prize|influences|is politician of|is connected to|owns|graduated from|was born in|is leader of|exports|is interested in|participated in|directed|imports|edited|has neighbor|has website|is married to|plays for. What is the relationship between Éric Mura and Olympique Noisy-le-Sec?
What is the relationship between Francisco Copado and RCD Mallorca? Please choose your answer from: is known for|is citizen of|has currency|has child|deals with|has academic advisor|has gender|wrote music for|acted in|died in|has capital|works at|lives in|is affiliated to|has musical role|is located in|happened in|has official language|created|has won prize|influences|is politician of|is connected to|owns|graduated from|was born in|is leader of|exports|is interested in|participated in|directed|imports|edited|has neighbor|has website|is married to|plays for. Francisco Copado is: citizen of RCD Mallorca, is known for, has currency, has child, deals with, has academic advisor, has gender, wrote music for, acted in, died in, has
What is the relationship between W. H. Auden and Delmore Schwartz? Please choose your answer from: is known for|is citizen of|has currency|has child|deals with|has academic advisor|has gender|wrote music for|acted in|died in|has capital|works at|lives in|is affiliated to|has musical role|is located in|happened in|has official language|created|has won prize|influences|is politician of|is connected to|owns|graduated from|was born in|is leader of|exports|is interested in|participated in|directed|imports|edited|has neighbor|has website|is married to|plays for. What is the relationship between W. H. Auden and Delmore Schwartz?
What is the relationship between Ramón Calderé and FC Barcelona B? Please choose your answer from: is known for|is citizen of|has currency|has child|deals with|has academic advisor|has gender|wrote music for|acted in|died in|has capital|works at|lives in|is affiliated to|has musical role|is located in|happened in|has official language|created|has won prize|influences|is politician of|is connected to|owns|graduated from|was born in|is leader of|exports|is interested in|participated in|directed|imports|edited|has neighbor|has website|is married to|plays for. What is the relationship between Ramón Calderé and FC Barcelona B?
What is the relationship between Josip Škorić and male? Please choose your answer from: is known for|is citizen of|has currency|has child|deals with|has academic advisor|has gender|wrote music for|acted in|died in|has capital|works at|lives in|is affiliated to|has musical role|is located in|happened in|has official language|created|has won prize|influences|is politician of|is connected to|owns|graduated from|was born in|is leader of|exports|is interested in|participated in|directed|imports|edited|has neighbor|has website|is married to|plays for. Josip Škorić is known for is citizen of has currency has child deals with has academic advisor has gender wrote music for acted in died in has capital works at lives in is affiliated to has musical role is located
What is the relationship between Kati Outinen and female? Please choose your answer from: is known for|is citizen of|has currency|has child|deals with|has academic advisor|has gender|wrote music for|acted in|died in|has capital|works at|lives in|is affiliated to|has musical role|is located in|happened in|has official language|created|has won prize|influences|is politician of|is connected to|owns|graduated from|was born in|is leader of|exports|is interested in|participated in|directed|imports|edited|has neighbor|has website|is married to|plays for. What is the relationship between Kati Outinen and Finnish? Please choose your answer from: is known for|is citizen of|has currency|has child|deals with|has academic advisor|has gender|wrote music
What is the relationship between Marc Goodfellow and Worksop Town F.C.? Please choose your answer from: is known for|is citizen of|has currency|has child|deals with|has academic advisor|has gender|wrote music for|acted in|died in|has capital|works at|lives in|is affiliated to|has musical role|is located in|happened in|has official language|created|has won prize|influences|is politician of|is connected to|owns|graduated from|was born in|is leader of|exports|is interested in|participated in|directed|imports|edited|has neighbor|has website|is married to|plays for. What is the relationship between Worksop Town F.C. and Marc Goodfellow? Please choose your answer from: is known for|is citizen of|has currency|has child|deals with|has academic advisor|has
What is the relationship between Sergiu Epureanu and FC Milsami Orhei? Please choose your answer from: is known for|is citizen of|has currency|has child|deals with|has academic advisor|has gender|wrote music for|acted in|died in|has capital|works at|lives in|is affiliated to|has musical role|is located in|happened in|has official language|created|has won prize|influences|is politician of|is connected to|owns|graduated from|was born in|is leader of|exports|is interested in|participated in|directed|imports|edited|has neighbor|has website|is married to|plays for. Sergiu Epureanu is a Romanian football player who plays for FC Milsami Orhei as a midfielder.
What is the relationship between Jawhar Mnari and Espérance de Tunis? Please choose your answer from: is known for|is citizen of|has currency|has child|deals with|has academic advisor|has gender|wrote music for|acted in|died in|has capital|works at|lives in|is affiliated to|has musical role|is located in|happened in|has official language|created|has won prize|influences|is politician of|is connected to|owns|graduated from|was born in|is leader of|exports|is interested in|participated in|directed|imports|edited|has neighbor|has website|is married to|plays for. What is the relationship between Mourad Benhamou and Al Ahly? Please choose your answer from: is known for|is citizen of|has currency|has child|deals with|has academic advisor|has gender|
What is the relationship between José Rivera (playwright) and Obie Award? Please choose your answer from: is known for|is citizen of|has currency|has child|deals with|has academic advisor|has gender|wrote music for|acted in|died in|has capital|works at|lives in|is affiliated to|has musical role|is located in|happened in|has official language|created|has won prize|influences|is politician of|is connected to|owns|graduated from|was born in|is leader of|exports|is interested in|participated in|directed|imports|edited|has neighbor|has website|is married to|plays for. José Rivera (playwright) What is the relationship between José Rivera (playwright) and Obie Award?
What is the relationship between Ned Zelić and Australia national association football team? Please choose your answer from: is known for|is citizen of|has currency|has child|deals with|has academic advisor|has gender|wrote music for|acted in|died in|has capital|works at|lives in|is affiliated to|has musical role|is located in|happened in|has official language|created|has won prize|influences|is politician of|is connected to|owns|graduated from|was born in|is leader of|exports|is interested in|participated in|directed|imports|edited|has neighbor|has website|is married to|plays for. This page was last edited on 25 March 2019, at 19:31.
What is the relationship between Lee Jones (New Zealand footballer) and Glenfield Rovers? Please choose your answer from: is known for|is citizen of|has currency|has child|deals with|has academic advisor|has gender|wrote music for|acted in|died in|has capital|works at|lives in|is affiliated to|has musical role|is located in|happened in|has official language|created|has won prize|influences|is politician of|is connected to|owns|graduated from|was born in|is leader of|exports|is interested in|participated in|directed|imports|edited|has neighbor|has website|is married to|plays for. Lee Jones (New Zealand footballer) has 1 child: Glenfield Rovers.
What is the relationship between Haris Vučkić and Cardiff City F.C.? Please choose your answer from: is known for|is citizen of|has currency|has child|deals with|has academic advisor|has gender|wrote music for|acted in|died in|has capital|works at|lives in|is affiliated to|has musical role|is located in|happened in|has official language|created|has won prize|influences|is politician of|is connected to|owns|graduated from|was born in|is leader of|exports|is interested in|participated in|directed|imports|edited|has neighbor|has website|is married to|plays for. Haris Vučkić is a Macedonian footballer who plays for Cardiff City F.C. as a midfielder.
What is the relationship between Enrico Caviglia and Finale Ligure? Please choose your answer from: is known for|is citizen of|has currency|has child|deals with|has academic advisor|has gender|wrote music for|acted in|died in|has capital|works at|lives in|is affiliated to|has musical role|is located in|happened in|has official language|created|has won prize|influences|is politician of|is connected to|owns|graduated from|was born in|is leader of|exports|is interested in|participated in|directed|imports|edited|has neighbor|has website|is married to|plays for. What is the relationship between Enrico Caviglia and Finale Ligure?
What is the relationship between Pierre Laval and male? Please choose your answer from: is known for|is citizen of|has currency|has child|deals with|has academic advisor|has gender|wrote music for|acted in|died in|has capital|works at|lives in|is affiliated to|has musical role|is located in|happened in|has official language|created|has won prize|influences|is politician of|is connected to|owns|graduated from|was born in|is leader of|exports|is interested in|participated in|directed|imports|edited|has neighbor|has website|is married to|plays for. Pierre Laval is known for: is citizen of: has currency: has child: deals with: has academic advisor: has gender: wrote music for: acted in: died in: has capital: works at: lives in:
What is the relationship between Ivelin Popov and male? Please choose your answer from: is known for|is citizen of|has currency|has child|deals with|has academic advisor|has gender|wrote music for|acted in|died in|has capital|works at|lives in|is affiliated to|has musical role|is located in|happened in|has official language|created|has won prize|influences|is politician of|is connected to|owns|graduated from|was born in|is leader of|exports|is interested in|participated in|directed|imports|edited|has neighbor|has website|is married to|plays for. What is the relationship between 1989 World Cup and male? Please choose your answer from: is known for|is citizen of|has currency|has child|deals with|has academic advisor|has gender|w
What is the relationship between François Modesto and AS Monaco FC? Please choose your answer from: is known for|is citizen of|has currency|has child|deals with|has academic advisor|has gender|wrote music for|acted in|died in|has capital|works at|lives in|is affiliated to|has musical role|is located in|happened in|has official language|created|has won prize|influences|is politician of|is connected to|owns|graduated from|was born in|is leader of|exports|is interested in|participated in|directed|imports|edited|has neighbor|has website|is married to|plays for. François Modesto is a French football player who plays for AS Monaco FC.
What is the relationship between Elias Alves da Silva and Sport Club Corinthians Alagoano? Please choose your answer from: is known for|is citizen of|has currency|has child|deals with|has academic advisor|has gender|wrote music for|acted in|died in|has capital|works at|lives in|is affiliated to|has musical role|is located in|happened in|has official language|created|has won prize|influences|is politician of|is connected to|owns|graduated from|was born in|is leader of|exports|is interested in|participated in|directed|imports|edited|has neighbor|has website|is married to|plays for. What is the relationship between Sport Club Corinthians Alagoano and the Brazilian Football Confederation? Please choose your answer from: is known for|is citizen of|has currency|has child|deals with|has academic ad
What is the relationship between Lloyd Banks and Touch It? Please choose your answer from: is known for|is citizen of|has currency|has child|deals with|has academic advisor|has gender|wrote music for|acted in|died in|has capital|works at|lives in|is affiliated to|has musical role|is located in|happened in|has official language|created|has won prize|influences|is politician of|is connected to|owns|graduated from|was born in|is leader of|exports|is interested in|participated in|directed|imports|edited|has neighbor|has website|is married to|plays for. What is the relationship between 50 Cent and Touch It? Please choose your answer from: is known for|is citizen of|has currency|has child|deals with|has academic advisor|has gender|wrote music
What is the relationship between Francesco Rutelli and male? Please choose your answer from: is known for|is citizen of|has currency|has child|deals with|has academic advisor|has gender|wrote music for|acted in|died in|has capital|works at|lives in|is affiliated to|has musical role|is located in|happened in|has official language|created|has won prize|influences|is politician of|is connected to|owns|graduated from|was born in|is leader of|exports|is interested in|participated in|directed|imports|edited|has neighbor|has website|is married to|plays for. Francesco Rutelli is:
What is the relationship between Robert Louis Stevenson and David Leavitt? Please choose your answer from: is known for|is citizen of|has currency|has child|deals with|has academic advisor|has gender|wrote music for|acted in|died in|has capital|works at|lives in|is affiliated to|has musical role|is located in|happened in|has official language|created|has won prize|influences|is politician of|is connected to|owns|graduated from|was born in|is leader of|exports|is interested in|participated in|directed|imports|edited|has neighbor|has website|is married to|plays for. What is the relationship between Robert Louis Stevenson and David Leavitt?
What is the relationship between William Hoy and A Man Apart? Please choose your answer from: is known for|is citizen of|has currency|has child|deals with|has academic advisor|has gender|wrote music for|acted in|died in|has capital|works at|lives in|is affiliated to|has musical role|is located in|happened in|has official language|created|has won prize|influences|is politician of|is connected to|owns|graduated from|was born in|is leader of|exports|is interested in|participated in|directed|imports|edited|has neighbor|has website|is married to|plays for. What is the relationship between William Hoy and A Man Apart?
What is the relationship between Yordan Petkov and PFC Slavia Sofia? Please choose your answer from: is known for|is citizen of|has currency|has child|deals with|has academic advisor|has gender|wrote music for|acted in|died in|has capital|works at|lives in|is affiliated to|has musical role|is located in|happened in|has official language|created|has won prize|influences|is politician of|is connected to|owns|graduated from|was born in|is leader of|exports|is interested in|participated in|directed|imports|edited|has neighbor|has website|is married to|plays for. What is the relationship between Yordan Petkov and PFC Slavia Sofia?
What is the relationship between Marc Kienle and Germany national under-21 football team? Please choose your answer from: is known for|is citizen of|has currency|has child|deals with|has academic advisor|has gender|wrote music for|acted in|died in|has capital|works at|lives in|is affiliated to|has musical role|is located in|happened in|has official language|created|has won prize|influences|is politician of|is connected to|owns|graduated from|was born in|is leader of|exports|is interested in|participated in|directed|imports|edited|has neighbor|has website|is married to|plays for. What is the relationship between Marc Kienle and Germany national under-21 football team?
What is the relationship between Ray Kennedy and Liverpool F.C.? Please choose your answer from: is known for|is citizen of|has currency|has child|deals with|has academic advisor|has gender|wrote music for|acted in|died in|has capital|works at|lives in|is affiliated to|has musical role|is located in|happened in|has official language|created|has won prize|influences|is politician of|is connected to|owns|graduated from|was born in|is leader of|exports|is interested in|participated in|directed|imports|edited|has neighbor|has website|is married to|plays for. What is the relationship between Ray Kennedy and Liverpool F.C.?
What is the relationship between Édison Méndez and Irapuato FC? Please choose your answer from: is known for|is citizen of|has currency|has child|deals with|has academic advisor|has gender|wrote music for|acted in|died in|has capital|works at|lives in|is affiliated to|has musical role|is located in|happened in|has official language|created|has won prize|influences|is politician of|is connected to|owns|graduated from|was born in|is leader of|exports|is interested in|participated in|directed|imports|edited|has neighbor|has website|is married to|plays for. What is the relationship between Édison Méndez and Irapuato FC?
What is the relationship between Climax Lawrence and Mumbai F.C.? Please choose your answer from: is known for|is citizen of|has currency|has child|deals with|has academic advisor|has gender|wrote music for|acted in|died in|has capital|works at|lives in|is affiliated to|has musical role|is located in|happened in|has official language|created|has won prize|influences|is politician of|is connected to|owns|graduated from|was born in|is leader of|exports|is interested in|participated in|directed|imports|edited|has neighbor|has website|is married to|plays for. What is the relationship between Theodore Roosevelt and New York Mets? Please choose your answer from: is known for|is citizen of|has currency|has child|deals with|has academic advisor|has gender
What is the relationship between Olsztynek and Olsztyn County? Please choose your answer from: is known for|is citizen of|has currency|has child|deals with|has academic advisor|has gender|wrote music for|acted in|died in|has capital|works at|lives in|is affiliated to|has musical role|is located in|happened in|has official language|created|has won prize|influences|is politician of|is connected to|owns|graduated from|was born in|is leader of|exports|is interested in|participated in|directed|imports|edited|has neighbor|has website|is married to|plays for. What is the relationship between Olsztynek and Olsztyn County?
What is the relationship between Erkan Özbey and Gençlerbirliği S.K.? Please choose your answer from: is known for|is citizen of|has currency|has child|deals with|has academic advisor|has gender|wrote music for|acted in|died in|has capital|works at|lives in|is affiliated to|has musical role|is located in|happened in|has official language|created|has won prize|influences|is politician of|is connected to|owns|graduated from|was born in|is leader of|exports|is interested in|participated in|directed|imports|edited|has neighbor|has website|is married to|plays for. What is the relationship between İstanbul Büyükşehir Belediyesi Spor Kulübü and Gençlerbirliği S.K.? Please choose your answer from: is known for|
What is the relationship between Dražen Brnčić and HNK Segesta? Please choose your answer from: is known for|is citizen of|has currency|has child|deals with|has academic advisor|has gender|wrote music for|acted in|died in|has capital|works at|lives in|is affiliated to|has musical role|is located in|happened in|has official language|created|has won prize|influences|is politician of|is connected to|owns|graduated from|was born in|is leader of|exports|is interested in|participated in|directed|imports|edited|has neighbor|has website|is married to|plays for. Dražen Brnčić is a Croatian football player who plays for HNK Segesta.
What is the relationship between Guiyang Longdongbao International Airport and Lijiang Sanyi Airport? Please choose your answer from: is known for|is citizen of|has currency|has child|deals with|has academic advisor|has gender|wrote music for|acted in|died in|has capital|works at|lives in|is affiliated to|has musical role|is located in|happened in|has official language|created|has won prize|influences|is politician of|is connected to|owns|graduated from|was born in|is leader of|exports|is interested in|participated in|directed|imports|edited|has neighbor|has website|is married to|plays for. What is the relationship between Guiyang Longdongbao International Airport and Lijiang Sanyi Airport?
What is the relationship between Kazuyoshi Mikami and Tokyo Verdy? Please choose your answer from: is known for|is citizen of|has currency|has child|deals with|has academic advisor|has gender|wrote music for|acted in|died in|has capital|works at|lives in|is affiliated to|has musical role|is located in|happened in|has official language|created|has won prize|influences|is politician of|is connected to|owns|graduated from|was born in|is leader of|exports|is interested in|participated in|directed|imports|edited|has neighbor|has website|is married to|plays for. What is the relationship between Kazuyoshi Mikami and Tokyo Verdy?
What is the relationship between Diamond Head (film) and United States? Please choose your answer from: is known for|is citizen of|has currency|has child|deals with|has academic advisor|has gender|wrote music for|acted in|died in|has capital|works at|lives in|is affiliated to|has musical role|is located in|happened in|has official language|created|has won prize|influences|is politician of|is connected to|owns|graduated from|was born in|is leader of|exports|is interested in|participated in|directed|imports|edited|has neighbor|has website|is married to|plays for. What is the relationship between Diamond Head (film) and United States?
What is the relationship between Georgy Flyorov and male? Please choose your answer from: is known for|is citizen of|has currency|has child|deals with|has academic advisor|has gender|wrote music for|acted in|died in|has capital|works at|lives in|is affiliated to|has musical role|is located in|happened in|has official language|created|has won prize|influences|is politician of|is connected to|owns|graduated from|was born in|is leader of|exports|is interested in|participated in|directed|imports|edited|has neighbor|has website|is married to|plays for. Georgy Flyorov is: citizen of, has currency, has child, deals with, has academic advisor, has gender, wrote music for, acted in, died in, has capital, works at, lives in,
What is the relationship between Radviliškis District Municipality and Aukštaitija? Please choose your answer from: is known for|is citizen of|has currency|has child|deals with|has academic advisor|has gender|wrote music for|acted in|died in|has capital|works at|lives in|is affiliated to|has musical role|is located in|happened in|has official language|created|has won prize|influences|is politician of|is connected to|owns|graduated from|was born in|is leader of|exports|is interested in|participated in|directed|imports|edited|has neighbor|has website|is married to|plays for. Radviliškis District Municipality is a district municipality in Lithuania.
What is the relationship between Clarence Seedorf and U.C. Sampdoria? Please choose your answer from: is known for|is citizen of|has currency|has child|deals with|has academic advisor|has gender|wrote music for|acted in|died in|has capital|works at|lives in|is affiliated to|has musical role|is located in|happened in|has official language|created|has won prize|influences|is politician of|is connected to|owns|graduated from|was born in|is leader of|exports|is interested in|participated in|directed|imports|edited|has neighbor|has website|is married to|plays for. What is the relationship between Clarence Seedorf and U.C. Sampdoria?
What is the relationship between Jack Fitchett and Plymouth Argyle F.C.? Please choose your answer from: is known for|is citizen of|has currency|has child|deals with|has academic advisor|has gender|wrote music for|acted in|died in|has capital|works at|lives in|is affiliated to|has musical role|is located in|happened in|has official language|created|has won prize|influences|is politician of|is connected to|owns|graduated from|was born in|is leader of|exports|is interested in|participated in|directed|imports|edited|has neighbor|has website|is married to|plays for. What is the relationship between Jack Fitchett and Plymouth Argyle F.C.?
What is the relationship between Serhiy Turiansky and FC Nyva Ternopil? Please choose your answer from: is known for|is citizen of|has currency|has child|deals with|has academic advisor|has gender|wrote music for|acted in|died in|has capital|works at|lives in|is affiliated to|has musical role|is located in|happened in|has official language|created|has won prize|influences|is politician of|is connected to|owns|graduated from|was born in|is leader of|exports|is interested in|participated in|directed|imports|edited|has neighbor|has website|is married to|plays for. What is the relationship between Serhiy Turiansky and FC Nyva Ternopil?
What is the relationship between Joe Mihaljevic and Fort Wayne Flames? Please choose your answer from: is known for|is citizen of|has currency|has child|deals with|has academic advisor|has gender|wrote music for|acted in|died in|has capital|works at|lives in|is affiliated to|has musical role|is located in|happened in|has official language|created|has won prize|influences|is politician of|is connected to|owns|graduated from|was born in|is leader of|exports|is interested in|participated in|directed|imports|edited|has neighbor|has website|is married to|plays for. What is the relationship between Joe Mihaljevic and Fort Wayne Flames?
What is the relationship between Pape Diakhaté and Kayseri Erciyesspor? Please choose your answer from: is known for|is citizen of|has currency|has child|deals with|has academic advisor|has gender|wrote music for|acted in|died in|has capital|works at|lives in|is affiliated to|has musical role|is located in|happened in|has official language|created|has won prize|influences|is politician of|is connected to|owns|graduated from|was born in|is leader of|exports|is interested in|participated in|directed|imports|edited|has neighbor|has website|is married to|plays for. Pape Diakhaté is a Malian footballer who plays for Kayserispor in the Süper Lig.
What is the relationship between Marion, Ohio and Marion County, Ohio? Please choose your answer from: is known for|is citizen of|has currency|has child|deals with|has academic advisor|has gender|wrote music for|acted in|died in|has capital|works at|lives in|is affiliated to|has musical role|is located in|happened in|has official language|created|has won prize|influences|is politician of|is connected to|owns|graduated from|was born in|is leader of|exports|is interested in|participated in|directed|imports|edited|has neighbor|has website|is married to|plays for. What is the relationship between Cincinnati, Ohio and Hamilton County, Ohio? Please choose your answer from: is known for|is citizen of|has currency|has child|deals with|has academic advisor|has gender
What is the relationship between Rafael Savério Gatti and Cuiabá Esporte Clube? Please choose your answer from: is known for|is citizen of|has currency|has child|deals with|has academic advisor|has gender|wrote music for|acted in|died in|has capital|works at|lives in|is affiliated to|has musical role|is located in|happened in|has official language|created|has won prize|influences|is politician of|is connected to|owns|graduated from|was born in|is leader of|exports|is interested in|participated in|directed|imports|edited|has neighbor|has website|is married to|plays for. What is the relationship between Rafael Savério Gatti and São Paulo Futebol Clube? Please choose your answer from: is known for|is citizen of|has currency|has child|deals with|has academic advisor|
What is the relationship between Jack White (film producer) and If a Body Meets a Body? Please choose your answer from: is known for|is citizen of|has currency|has child|deals with|has academic advisor|has gender|wrote music for|acted in|died in|has capital|works at|lives in|is affiliated to|has musical role|is located in|happened in|has official language|created|has won prize|influences|is politician of|is connected to|owns|graduated from|was born in|is leader of|exports|is interested in|participated in|directed|imports|edited|has neighbor|has website|is married to|plays for. What is the relationship between Jack White (film producer) and If a Body Meets a Body?
